,np.tanh(std_delta_len),instruction_difficulty,not_gamed_baseline.astype(float)
gpt4_1106_preview,0.0000000000000000,0.0000000000000000,0.0000000000000000
claude-3-opus-20240229,-2.4701450630965978,0.5437175204502481,-0.2566546820425514
gpt4_0314,-1.8725617459155923,0.5171789701241791,-0.9225642057374898
mistral-large-2402,-2.2013550521297551,0.6060348355205006,-1.0376411933528220
gpt4_0613,-1.9512954573707937,0.4405494449620385,-1.4498574485144271
gpt-3.5-turbo-1106,-1.9761160676572800,0.4800994675598200,-1.7382554340944236
