,np.tanh(std_delta_len),instruction_difficulty,not_gamed_baseline.astype(float)
gpt4_1106_preview,0.0000000000000000,0.0000000000000000,0.0000000000000000
claude-3-opus-20240229,-1.5243726775070174,0.2331680880963987,-0.0894487499512723
mistral-large-2402,-1.5648531829412775,0.2819484344372006,-0.1689272975753641
gpt4_0314,-1.1711252542095869,0.2867847010892625,-0.3641306670986842
gpt4_0613,-1.2757434665115688,0.3319681766866672,-0.6622357202581521
gpt-3.5-turbo-1106,-1.7092113830929181,0.3643425877207300,-0.9316694444072828
