,win_rate,standard_error,n_wins,n_wins_base,n_draws,n_total,mode
vicuna-13b,74.6583850931677,1.5314906992150217,600,203,2,805,minimal
guanaco-65b,72.91925465838509,1.5671962820425132,587,218,0,805,minimal
alpaca-7b,41.61490683229814,1.7205231659718316,327,462,16,805,minimal
text_davinci_001,24.720496894409937,1.49577968549103,189,596,20,805,minimal
